language,code,digital,monolingual,parallel_primary,annotated,benchmark,model,recomputed_LRAI6,workbook_LRAI6,absolute_LRAI6_error,recomputed_SCSI,workbook_SCSI,absolute_SCSI_error,min_LOO,max_LOO
Sanskrit,SAN,0.9428305168463219,0.9891279373086748,1,0.38822363073587113,1,0,0.7200303474818113,0.7200303474818113,0.0,1.0,1,0.0,0.6640364169781735,0.8640364169781736
Santali,SAT,0.9667159035874435,0.26272673708587957,0,0.4447691933160344,0.5,0,0.3623686389982262,0.3623686389982262,0.0,0.875,0.875,0.0,0.24149918608038273,0.43484236679787147
Bodo,BOD,0,0.2093861951860186,0.41190481857838807,0.9310794008808686,0,0,0.2587284024408792,0.2587284024408792,0.0,1.0,1,0.0,0.12425820275288132,0.31047408292905504
Dogri,DOI,0,0,0,0.872741580770173,0,0,0.14545693012836217,0.14545693012836217,0.0,1.0,1,0.0,0.0,0.1745483161540346
Konkani,KON,0.8193280657331202,0.25419961765528554,0.33254822643723864,0.5676615683369927,0.5,0,0.41228957969377283,0.41228957969377283,0.0,1.0,1,0.0,0.33088188248590333,0.4947474956325274
Kashmiri,KAS,0.9351544995521482,0.12239886529548552,0.5283214214874339,0.7977624045195146,0,0,0.3972728651424304,0.3972728651424304,0.0,0.875,0.875,0.0,0.28969653826048675,0.47672743817091645
Maithili,MAI,0.9563200777078728,0.14675965048456036,0.29232720071129026,0.8238144813003727,1,1,0.7032035683673493,0.7032035683673493,0.0,1.0,1,0.0,0.6438442820408191,0.814492351943907
Meitei (Manipuri),MNI,0.9255035346169406,0.09048954157371808,0.0855205843400709,0.741447711256747,1,1,0.6404935619645794,0.6404935619645794,0.0,0.875,0.875,0.0,0.5685922743574953,0.7514881574894811
Sindhi,SND,1,1,0.021536334881364423,0.3988425142556361,0.5,0,0.4867298081895001,0.4867298081895001,0.0,0.9375,0.9375,0.0,0.3840757698274001,0.5840757698274002
