language,code,candidate_LRAI6,candidate_rank,candidate_rank_based,unicode,digital_readiness,primary_script_resource,tokenizer,candidate_SCSI,recomputed_SCSI,SCSI_abs_difference,candidate_SCSI_rank
Sanskrit,SAN,0.7200303474818113,1,0.5416666666666666,1,1,1,1,1,1.0,0.0,1
Santali,SAT,0.3623686389982262,7,0.375,1,0.5,1,1,0.875,0.875,0.0,7
Bodo,BOD,0.2587284024408792,8,0.375,1,1,1,1,1,1.0,0.0,1
Dogri,DOI,0.14545693012836217,9,0.14583333333333334,1,1,1,1,1,1.0,0.0,1
Konkani,KON,0.41228957969377283,5,0.375,1,1,1,1,1,1.0,0.0,1
Kashmiri,KAS,0.3972728651424304,6,0.375,1,0.75,1,0.75,0.875,0.875,0.0,7
Maithili,MAI,0.7032035683673493,2,0.6666666666666666,1,1,1,1,1,1.0,0.0,1
Meitei (Manipuri),MNI,0.6404935619645794,3,0.5,1,0.5,1,1,0.875,0.875,0.0,7
Sindhi,SND,0.4867298081895001,4,0.4583333333333333,1,0.75,1,1,0.9375,0.9375,0.0,6
