code,language,LRAI6,reported_LRAI6,absolute_error,worst_omitted_component,max_LOO_deviation,passes_0_12
SAN,Sanskrit,0.7200303474818113,0.7200303474818113,0.0,model,0.1440060694963623,False
SAT,Santali,0.3623686389982262,0.3623686389982262,0.0,digital,0.12086945291784346,False
BOD,Bodo,0.2587284024408792,0.2587284024408792,0.0,annotated,0.13447019968799787,False
DOI,Dogri,0.14545693012836217,0.14545693012836217,0.0,annotated,0.14545693012836217,False
KON,Konkani,0.41228957969377283,0.41228957969377283,0.0,model,0.08245791593875457,True
KAS,Kashmiri,0.3972728651424304,0.3972728651424304,0.0,digital,0.10757632688194363,True
MAI,Maithili,0.7032035683673493,0.7032035683673493,0.0,monolingual,0.11128878357655769,True
MNI,Meitei (Manipuri),0.6404935619645794,0.6404935619645794,0.0,parallel_primary,0.11099459552490176,True
SND,Sindhi,0.4867298081895001,0.4867298081895001,0.0,digital,0.10265403836210002,True
